{"cameraMode":{"drawMode":0,"name":"Shaded","section":"Shading Mode"},"sceneLighting":true,"audioPlay":false,"sceneViewState":{"m_AlwaysRefresh":false,"showFog":true,"showSkybox":true,"showFlares":true,"showImageEffects":true,"showParticleSystems":true,"showVisualEffectGraphs":true,"m_FxEnabled":true},"in2DMode":false,"pivot":{"x":-6.645256996154785,"y":13.948152542114258,"z":2.3490638732910158},"rotation":{"x":0.19185692071914674,"y":-0.23444584012031556,"z":0.0472533255815506,"w":0.9518429040908814},"size":7.777658939361572,"orthographic":false}